Dish,Url
Lobster Pasta,https://www.allrecipes.com/recipe/99314/lobster-pasta/
Toree,https://www.allrecipes.com/cook/1737948
Lobster Rolls,https://www.allrecipes.com/recipe/98979/lobster-rolls/
Starr,https://www.allrecipes.com/cook/1248259
Lobster Topping,https://www.allrecipes.com/recipe/17183/lobster-topping/
Ginna C,https://www.allrecipes.com/cook/10299
Lobster Risotto,https://www.allrecipes.com/recipe/245056/lobster-risotto/
pkkviper,https://www.allrecipes.com/cook/3341456
Broiled Lobster Tails,https://www.allrecipes.com/recipe/34638/broiled-lobster-tails/
SKYGRETCH,https://www.allrecipes.com/cook/268057
Creamed Hot Lobster Sandwich or Lobster Poutine,https://www.allrecipes.com/recipe/234052/creamed-hot-lobster-sandwich-or-lobster-poutine/
Sue,https://www.allrecipes.com/cook/1503919
Steamed Lobster Tails,https://www.allrecipes.com/recipe/99742/steamed-lobster-tails/
Lobster Salad,https://www.allrecipes.com/recipe/24838/lobster-salad/
Fishmongere,https://www.allrecipes.com/cook/143258
Lobster Dipping Sauce,https://www.allrecipes.com/recipe/155945/lobster-dipping-sauce/
johnd,https://www.allrecipes.com/cook/1905614
Lobster Thermidor,https://www.allrecipes.com/recipe/87386/lobster-thermidor/
Robyn Edge,https://www.allrecipes.com/cook/14389653
Simple Lobster Scampi,https://www.allrecipes.com/recipe/260617/simple-lobster-scampi/
cdlab,https://www.allrecipes.com/cook/3434765
Lobster Roll,https://www.allrecipes.com/recipe/269530/lobster-roll/
kitchgirl,https://www.allrecipes.com/cook/4446969
Lobster Avocado Salad,https://www.allrecipes.com/recipe/269433/lobster-avocado-salad/
Tina A,https://www.allrecipes.com/cook/4144439
Easy Broiled Lobster Tails,https://www.allrecipes.com/recipe/99690/easy-broiled-lobster-tails/
BEACH1990,https://www.allrecipes.com/cook/732882
Mini Lobster Pot Pies,https://www.allrecipes.com/recipe/8319857/mini-lobster-pot-pies/
Chef John,https://www.allrecipes.com/cook/foodwisheswithchefjohn
Perfect Lobster Bisque,https://www.allrecipes.com/recipe/76637/perfect-lobster-bisque/
LAURA_G123,https://www.allrecipes.com/cook/1199784
Lobster Bisque from Scratch,https://www.allrecipes.com/recipe/283353/lobster-bisque-from-scratch/
Brian Genest,https://www.allrecipes.com/cook/scratch
Lobster Tails Steamed in Beer,https://www.allrecipes.com/recipe/21333/lobster-tails-steamed-in-beer/
Kathleen Burton,https://www.allrecipes.com/cook/24324989
Lobster Tacos,https://www.allrecipes.com/recipe/246707/lobster-tacos/
Qhhunters,https://www.allrecipes.com/cook/copperhorsecreations
Lobster Casserole,https://www.allrecipes.com/recipe/25863/lobster-casserole/
Joni,https://www.allrecipes.com/cook/283681
Lobster Ravioli,https://www.allrecipes.com/recipe/8465292/lobster-ravioli/
Elizabeth Mervosh,https://www.allrecipes.com/cook/elizabethm
Lobster Mornay Sauce,https://www.allrecipes.com/recipe/33352/lobster-mornay-sauce/
SWIZZLESTICKS,https://www.allrecipes.com/cook/72564
Grilled Rock Lobster Tails,https://www.allrecipes.com/recipe/36996/grilled-rock-lobster-tails/
Joe Nekrasz,https://www.allrecipes.com/cook/24324489
Mock Lobster,https://www.allrecipes.com/recipe/12750/mock-lobster/
Karena,https://www.allrecipes.com/cook/24324916
